"TOA5","CR1000","CR1000","85255","CR1000.Std.31.03","CPU:L18038-ZJhangzhou20180603+G1.CR1","17749","BSRN1000_Day"
"TIMESTAMP","RECORD","Global_Energy_Tot","Direct_Energy_Tot","Diffuse_Energy_Tot","Global_Max","Direct_Max","Diffuse_Max","WS_ms_Avg","WS_ms_Max","WS_ms_Min","WDir_Avg","WDir_Max","WDir_Min","AirTemp_C_Avg","AirTemp_C_Max","AirTemp_C_Min","RH_Avg","RH_Max","RH_Min","Press_Avg","Press_Max","Press_Min","T110PV_Temp_C_Avg","T110PV_Temp_C_Max","T110PV_Temp_C_Min","T110PV_Temp_C1_Avg","T110PV_Temp_C1_Max","T110PV_Temp_C1_Min","T110PV_Temp_C2_Avg","T110PV_Temp_C2_Max","T110PV_Temp_C2_Min","T110PV_Temp_C3_Avg","T110PV_Temp_C3_Max","T110PV_Temp_C3_Min","T110PV_Temp_C4_Avg","T110PV_Temp_C4_Max","T110PV_Temp_C4_Min","Sun_Time_Tot"
"TS","RN","kWh/m^2","kWh/m^2","kWh/m^2","W/m^2","W/m^2","W/m^2","m/s","m/s","m/s","Deg","Deg","Deg","Deg C","Deg C","Deg C","%","%","%","hPa","hPa","hPa","Deg C","Deg C","Deg C","","","","","","","","","","","","","Hr"
"","","Tot","Tot","Tot","Max","Max","Max","Avg","Max","Min","Avg","Max","Min","Avg","Max","Min","Avg","Max","Min","Avg","Max","Min","Avg","Max","Min","Avg","Max","Min","Avg","Max","Min","Avg","Max","Min","Avg","Max","Min","Tot"
"2020-01-04 00:00:00",0,0.166,0.001,0.166,82.4,0.372,82.7,0.844,2.82,0,176.8,358.9,0.025,9,9.49,0,95.9,99.1,0,1022,1023,0,10.6,11.73,9.61,9.4,9.9,9.12,9.21,9.97,8.71,9.24,10.7,8.6,9.17,11.23,8.52,0
"2020-01-05 00:00:00",1,0.288,0.003,0.288,107,0.372,107.4,1.372,4.999,0,176.3,359.1,0,9.15,9.63,8.71,98.6,99.4,94.2,1022,1023,1020,10.42,12.7,9.49,9.51,10.85,8.97,9.9,11.57,8.79,9.47,11.82,8.64,9.32,11.84,8.6,0
"2020-01-06 00:00:00",2,1.378,0.248,1.275,434.2,216,377.8,0.956,4.218,0,191.7,359.2,0.025,10.83,14.12,8.98,95.4,99.4,82.7,1020,1022,1017,13.25,28.47,9.37,11.95,23.4,9.12,12.19,23.5,8.6,11.93,24.46,8,12.31,29.56,6.981,1.233
"2020-01-07 00:00:00",3,3.155,3.55,1.145,584.3,664.5,229.9,1.039,6.561,0,171.4,359.3,0.025,15.22,24.75,8.77,81.9,99.4,49.83,1014,1017,1010,20.14,45.67,9.01,20.01,44.12,8.91,17.95,38.59,8.23,18.04,41.44,7.792,18.63,46.35,6.735,7.065
"2020-01-08 00:00:00",4,1.264,0.673,1.005,571.3,551.2,430.9,1.522,8.45,0,206.9,358.9,0.049,11.62,16.64,6.187,85.8,98.4,71.53,1011,1020,1006,13.07,31.44,5.841,12.97,34.35,5.466,11.89,27.46,5.018,11.95,29.74,4.301,11.49,31.18,2.489,1.715
"2020-01-09 00:00:00",5,3.253,2.969,1.742,721,557.4,411.2,2.269,10.46,0,177.8,358.7,0.049,6.205,9.56,4.289,65.07,80.2,50.85,1023,1026,1020,11.18,30.73,4.849,10.02,27.61,3.393,8.21,24.1,2.875,8.4,26.29,1.554,8.33,32.41,0.222,7.539
"2020-01-10 00:00:00",6,0.378,0.002,0.379,102.5,0.372,103.2,1.324,4.382,0,181.8,358.6,0,4.948,6.458,3.95,82.7,98,66.35,1021,1024,1018,7.565,10.34,4.85,5.33,7.297,3.129,5.243,7.85,2.758,5.122,8.63,1.254,4.958,8.79,0.223,0
"2020-01-11 00:00:00",7,0.229,0.001,0.229,86.3,0.372,86.3,1.127,5.944,0,222.5,358.8,0.049,6.657,7.956,4.827,99.1,99.3,98,1016,1019,1014,8.44,10.25,6.989,7.183,8.47,5.466,7.167,8.84,5.088,6.914,9.06,4.928,6.933,9.72,4.808,0
"2020-01-12 00:00:00",8,0.402,0.003,0.402,100.6,0.372,100.3,1.811,8.33,0,209.3,359.1,0,6.201,7.276,5.368,96.2,99.3,80.7,1017,1020,1015,7.979,9.81,6.346,6.7,7.635,5.732,7.432,8.6,6.5,6.588,8.5,5.197,6.412,8.42,4.978,0
"2020-01-13 00:00:00",9,2.591,1.297,1.865,773,641.3,386.5,1.702,6.93,0,175.5,359.1,0,6.43,9.8,4.286,71.21,87.3,47.45,1020,1022,1018,11.51,35.26,5.605,9.76,31.06,4.055,9.44,27.76,4.25,9.23,31.9,2.682,9.74,38.37,1.651,2.886
"2020-01-14 00:00:00",10,1.719,0.055,1.7,693.1,423.8,512.9,1.47,5.615,0,169.1,358.6,0,6.241,8.91,3.339,71.3,90.2,55.21,1019,1021,1017,9.73,21.64,3.406,7.388,16.38,2.202,7.329,16.84,1.29,7.404,18.96,0.11,7.719,22.95,-1.284,0.108
"2020-01-15 00:00:00",11,1.96,0.249,1.861,524.7,214.5,461.9,1.945,6.889,0,172.9,358.4,0.025,6.388,8.71,4.691,69.78,83.2,52.79,1022,1024,1020,9.75,19.9,5.497,7.957,17.67,4.137,7.422,16.07,3.381,7.542,18.67,2.328,7.822,21.08,1.838,0.466
"2020-01-16 00:00:00",12,0.301,0,0.302,76.63,0.372,77.1,1.591,4.382,0,158.2,358.7,0,4.695,5.645,3.74,88.1,99.1,68.94,1022,1024,1019,7.061,7.882,5.625,4.92,5.673,3.849,5.023,5.772,3.693,4.927,6.133,2.489,4.77,5.889,1.991,0
"2020-01-17 00:00:00",13,0.267,0.003,0.267,79.21,0.372,79.21,1.842,6.684,0,221.8,359,0,5.361,6.052,4.416,98,99.2,92,1020,1023,1018,7.051,8.76,5.929,5.582,6.72,4.565,5.586,6.835,4.454,5.627,7.582,4.27,5.546,7.685,4.127,0
"2020-01-18 00:00:00",14,1.122,0.005,1.126,257,1.117,258,1.45,6.191,0,228.1,359.1,0,4.941,6.594,4.148,84.6,95.5,73.6,1023,1024,1021,7.929,14.13,5.763,5.868,10.24,4.25,5.736,11.18,4.086,5.945,12.64,3.807,6.369,15.37,3.548,0
"2020-01-19 00:00:00",15,0.94,0.004,0.944,189.1,1.117,190.5,1.549,4.917,0,156.9,358.8,0,4.638,5.674,3.875,71.56,81.6,61.17,1021,1024,1020,7.87,12.44,5.861,5.353,8.44,3.973,5.484,8.87,3.963,5.656,10.46,3.569,5.848,12.86,3.38,0
"2020-01-20 00:00:00",16,3.089,2.316,1.843,797.9,579.4,439,0.988,5.081,0,200.5,358.6,0,6.711,11.6,3.941,68.68,86,44.62,1020,1022,1018,12.25,33.27,4.332,10.44,28.65,3.612,9.19,25.75,2.403,9.06,26.6,1.553,9.93,35.47,0.589,5.739
"2020-01-21 00:00:00",17,3.475,3.079,1.733,608.1,546,244.7,1.148,5.122,0,189.5,358.4,0.049,7.305,13.78,2.521,67.4,90.6,37.77,1022,1024,1020,13.17,39.16,2.44,11.97,33.65,1.323,9.79,30.94,0.272,9.42,32.28,-0.744,10.13,37.35,-1.428,7.963
"2020-01-22 00:00:00",18,1.098,0.195,1.027,414.2,257.7,291.9,0.821,4.136,0,207.8,358.2,0,6.243,8.84,2.658,81.4,89.1,68.02,1020,1024,1017,8.99,18.42,3.584,7.486,18.97,1.853,6.752,14.17,1.133,6.572,14.95,0.191,6.799,17.95,-0.638,0.598
"2020-01-23 00:00:00",19,0.288,0,0.288,133.9,0.372,134.1,1.093,4.095,0,160.2,358.8,0,7.869,8.4,7.139,93.3,97.9,80.2,1016,1018,1014,9.29,10.86,7.878,8.2,9.1,7.372,8.07,9.17,7.155,8.08,9.94,6.984,7.984,9.94,6.736,0
"2020-01-24 00:00:00",20,0.374,0.002,0.374,136.8,0.372,136.6,1.265,6.643,0,172.6,359,0,8.21,8.94,7.411,97.2,99.3,92.3,1019,1022,1016,9.65,12.91,8.16,8.47,10.13,7.485,8.51,10.76,7.362,8.59,11.8,7.126,8.55,12.88,6.927,0
"2020-01-25 00:00:00",21,0.248,0.002,0.248,79.54,0.372,79.22,2.216,7.588,0,172,359.2,0,7.499,8.19,7.003,98.1,99.2,94.1,1023,1026,1021,8.65,9.87,7.691,7.586,8.4,6.946,7.67,8.5,6.965,7.693,9.23,6.784,7.517,8.97,6.64,0
"2020-01-26 00:00:00",22,0.353,0.002,0.352,124.5,0.372,124.3,1.74,7.752,0,208,359.4,0,6.457,7.173,5.644,96.1,98.2,93.3,1022,1024,1021,7.837,9.97,6.701,6.678,8.14,5.82,6.574,8.33,5.693,6.643,9.17,5.585,6.494,9.19,5.486,0
"2020-01-27 00:00:00",23,0.323,0.001,0.321,84.1,0.372,84.1,1.168,8.12,0,229.2,359.4,0.049,6.485,7.582,5.234,97.4,99,92.1,1017,1021,1013,8.06,10.31,6.308,6.683,8.26,5.288,6.698,8.51,5.218,6.747,9.04,5.058,6.647,9.22,4.737,0
"2020-01-28 00:00:00",24,1.746,0.054,1.718,946,505,577.7,1.546,7.999,0,226.5,359.4,0,5.317,7.173,4.416,81.8,95.2,70.2,1017,1019,1016,8.7,24.77,5.209,6.654,19.62,4.311,6.439,17.96,4.086,6.721,21.39,3.962,7.395,28.74,3.506,0.109
"2020-01-29 00:00:00",25,1.318,0.005,1.323,282.9,1.117,284.1,1.231,6.108,0,227.3,358.9,0,5.249,7.446,3.874,72.96,84.3,60.97,1019,1021,1018,8.51,16.68,4.536,6.353,12.08,3.192,6.265,13.55,2.403,6.36,14.31,1.175,6.87,18.59,-0.854,0
"2020-01-30 00:00:00",26,3.676,2.502,2.082,764.5,545.6,421.4,1.482,9.19,0,228.7,358.5,0.049,7.092,11.02,4.22,54.14,70.04,36.85,1019,1021,1018,12.26,32.36,4.282,10.92,29.73,2.771,9.23,25.18,2.233,9.43,25.61,0.75,9.92,31.25,-1.189,6.236
"2020-01-31 00:00:00",27,3.84,2.782,2.151,715.8,547.4,332.3,1.685,11.74,0,227,358.1,0.049,6.91,10.65,4.36,56.06,81.9,34.95,1019,1021,1018,10.97,28.62,4.005,9.88,25.29,3.213,8.31,21.86,2.361,8.28,23.82,0.565,8.17,28.85,-1.822,7.929
"2020-02-01 00:00:00",28,4.195,4.205,1.709,704.4,642.8,231.3,1.163,5.163,0,174.5,357.8,0.049,6.307,12.15,1.442,57.12,87,31.51,1021,1024,1020,12.77,37.99,1.375,11.66,35.34,-0.024,9.07,30.16,-1.001,8.92,31.52,-2.262,9.02,37.06,-3.691,9.13
"2020-02-02 00:00:00",29,4.473,5.885,1.084,719.3,786.5,148.2,1.228,6.561,0,147.6,357.7,0,6.981,14.19,1.036,53.86,87.3,19.04,1022,1024,1020,13.64,41.59,1.029,12.8,38.48,-0.844,9.98,32.57,-1.959,10.19,35.32,-2.633,10,40.95,-4.108,9.67
"2020-02-03 00:00:00",30,2.253,0.541,1.92,951,652,492.2,1.018,5.04,0,191.4,357.3,0.049,8.15,12.28,4.553,60.02,75.89,44.82,1021,1023,1018,11.62,39.17,3.839,10.31,33.27,3.589,9.74,31.11,2.23,10.06,35.2,1.497,10.35,40.27,-0.998,1.205
"2020-02-04 00:00:00",31,2.232,0.216,2.121,612.6,315.8,463.6,1.629,7.999,0,149.6,357.8,0,9.31,12.18,7.411,70.94,87.7,51.81,1022,1024,1020,11.71,27.47,7.523,10.83,25.78,6.889,10.49,22.73,6.544,10.97,25.89,6.041,10.87,28.94,5.413,0.537
"2020-02-05 00:00:00",32,1.647,0.013,1.652,391.1,72.61,355.2,1.088,4.095,0,141.9,358.2,0.025,8.48,11.29,6.051,78.42,90.3,64.24,1021,1023,1019,10.47,20.93,4.728,9.27,16.96,4.158,9.06,17.85,3.297,9.3,19.86,2.671,9.28,23.93,0.497,0
"2020-02-06 00:00:00",33,4.114,3.67,1.787,808,712.8,423.9,1.909,10.14,0,136.2,358.4,0,7.922,13.24,4.359,71.86,95.1,26.81,1024,1027,1022,13.54,37.23,4.241,11.76,34.6,2.982,10.64,29.7,2.318,11.4,34.41,1.552,11.36,37.42,-0.102,6.856
"2020-02-07 00:00:00",34,0.457,0.001,0.456,150.3,0.372,150.3,2.589,11.57,0,82.4,358.7,0.049,6.292,7.309,4.428,81.4,91.2,69.48,1024,1026,1022,7.2,9.14,5.526,6.185,7.756,4.137,6.361,7.923,4.414,6.37,8.56,4.261,6.002,8.5,3.84,0
"2020-02-08 00:00:00",35,0.548,0.004,0.547,145.8,0.372,145.8,1.045,4.917,0,208.9,359,0,5.418,6.628,4.15,95.4,98.8,90.9,1024,1026,1023,7.35,10.69,5.508,5.905,9.06,4.282,5.814,8.57,4.25,5.981,10.06,4.117,5.827,11.2,3.838,0
"2020-02-09 00:00:00",36,1.153,0.01,1.152,555.1,220.5,401,0.897,5.369,0,210.2,359.2,0,6.756,9.28,5.37,87.4,97,69.93,1027,1028,1025,9.11,21.92,6.642,7.704,16.43,5.69,7.594,18.33,5.384,7.776,20.03,4.925,7.848,25.73,4.247,0.004
"2020-02-10 00:00:00",37,4.127,3.386,2.01,786.6,637.9,385.1,0.924,4.464,0,193.9,359.1,0.049,8.8,13.92,5.915,72.48,93.8,41.52,1025,1028,1022,14.95,41.31,4.097,13.2,34.81,4.086,11.84,32.49,2.789,11.86,32.47,1.98,12.69,40.05,0.037,7.23
"2020-02-11 00:00:00",38,3.553,2.839,1.625,1089,776.9,513.4,0.784,5.286,0,180,358.5,0,10.03,17.19,3.475,68.21,92.8,30.35,1020,1023,1018,14.9,45.89,2.964,14.37,40.87,1.721,12.62,37.16,1.434,12.59,40.67,0.432,13.08,46.08,-1.525,4.581
"2020-02-12 00:00:00",39,1.246,0.009,1.248,652,87.9,605.5,0.829,3.766,0,170.3,358.4,0.025,10.37,12.38,8.23,88.7,96.2,75.44,1016,1020,1014,12.03,27.37,8.66,11.19,20.87,8.3,11.32,22.84,8.23,11.44,25.22,8.03,11.83,33.23,7.419,0
"2020-02-13 00:00:00",40,1.55,0.072,1.503,1061,563.1,664,0.883,4.752,0,149.7,358.8,0.025,12.19,15.82,10.14,91.8,99.3,74.83,1014,1015,1012,14.39,39.82,8.91,13.5,30.23,9.65,13.63,32.6,9.03,14.07,35.54,8.43,14.44,45.1,7.492,0.183
"2020-02-14 00:00:00",41,1.867,0.299,1.674,864,538.1,525.7,0.947,4.875,0,141.1,358.9,0.049,14.13,16.51,11.81,92.6,99.3,80.3,1011,1014,1009,15.88,36.26,9.06,15.48,33.98,10.52,15.13,30.67,9.58,15.67,34.77,8.97,15.43,38.06,7.074,0.862
"2020-02-15 00:00:00",42,1.727,0.054,1.701,405.8,80.1,365.1,0.859,4.3,0,168.4,359,0.074,14.77,18.28,12.62,94.7,99.4,78.44,1011,1013,1008,17.06,30.13,12.27,16.2,25.36,12.44,16.31,26.68,12.41,16.74,28.74,12.33,17.35,33.42,11.87,0
"2020-02-16 00:00:00",43,0.421,0.003,0.421,162,0.372,162.6,1.84,11.66,0,212.4,359.2,0.025,8.81,14.46,1.027,91.6,99.4,76.98,1016,1023,1011,9.42,14.8,0.672,9.19,14.42,0.341,8.94,14.22,0.318,8.96,14.62,0.099,8.73,14.69,-0.098,0
"2020-02-17 00:00:00",44,4.605,4.371,1.795,1001,732.1,483,2.33,14.37,0,224.1,359.1,0.049,3.242,7.105,0.415,54.05,95,30.55,1024,1027,1022,8.78,30.69,1.283,7.201,25.63,0.458,5.661,21.47,0.087,6.252,24.78,-1.513,6.524,31.11,-4.49,7.852
"2020-02-18 00:00:00",45,5.434,7.2,0.913,831,860,108.8,1.934,13.63,0,232.7,357.6,0.074,5.88,10.89,0.968,37.79,64.76,18.73,1027,1028,1025,11.56,37.45,0.349,10.58,33.43,-0.761,8.06,27.6,-1.824,8.3,28.25,-2.244,8.39,37.47,-5.026,10.33
"2020-02-19 00:00:00",46,5.466,7.286,0.906,823,848,113,1.035,5.04,0,168.9,357.1,0.049,6.517,12.28,0.491,44.45,77.85,15.09,1027,1030,1024,13.82,41.01,0.532,12.67,37.08,-1.348,9.6,31.59,-2.357,10.11,35.12,-3.413,9.94,41.49,-5.747,10.43
"2020-02-20 00:00:00",47,2.494,0.674,2.092,1031,668.1,532,0.806,3.971,0,171.3,357,0.049,7.351,13.24,1.642,57.48,83.7,32.25,1022,1024,1020,11.07,37.78,1.49,9.55,29.65,0.295,8.92,31.11,-0.661,9,33.91,-1.318,9.51,41.94,-4.169,1.613
"2020-02-21 00:00:00",48,5.213,6.248,1.152,814,794.1,156.7,1.413,8.04,0,158.7,357.6,0.025,10.83,17.73,4.902,61.52,85.6,26.53,1025,1027,1023,17.51,42.94,3.6,16.4,39.99,3.065,14.24,33.94,1.882,14.83,39.72,0.679,15.23,42.97,-1.142,10.27
"2020-02-22 00:00:00",49,2.666,1.529,1.877,897,608.5,519.3,0.902,7.054,0,209.2,357.9,0.049,11.56,18.28,6.188,69.25,92.2,39.75,1024,1026,1021,14.75,39.13,4.849,14.27,34.84,4.585,13,30.52,3.621,12.79,32.78,3.033,13.06,40.37,0.588,3.329
"2020-02-23 00:00:00",50,5.138,5.03,1.669,789.9,680.5,213.4,1.205,7.876,0,173.9,358,0.049,12.84,19.64,7.277,59.69,96.3,23.13,1027,1029,1025,19.18,47.53,5.983,18.47,41.8,5.944,16.53,38.37,5.422,16.68,42.95,4.693,17.19,48.37,2.226,9.4
"2020-02-24 00:00:00",51,4.254,2.529,2.526,820,454.8,461.3,1.403,5.78,0,151.3,357.5,0.049,11.54,18.55,5.713,61.09,81.2,35.93,1023,1028,1018,16.87,43.7,5.318,15.81,35.76,4.494,14.2,35.25,3.631,14.49,38.83,2.446,14.93,43.35,0.129,7.41
"2020-02-25 00:00:00",52,4.346,3.317,1.853,842,648.1,400.3,1.05,8.66,0,176.7,357.6,0.049,18.41,27.75,9.73,56.2,82.4,32.12,1014,1018,1009,22.89,51.6,8.67,21.54,44.53,8.49,20.74,43.62,7.756,21.02,46.6,6.86,21.94,54.02,5.214,6.571
"2020-02-26 00:00:00",53,4.045,2.171,2.465,879,550.2,430.7,2.328,10.01,0,171.4,358.2,0.074,19.64,28.29,13.47,63.78,88.6,35.25,1011,1017,1009,23.58,53.48,13.2,22.7,47.54,13.78,21.86,44.09,13.6,22.47,47.37,12.93,23.17,56.44,11.69,5.544
"2020-02-27 00:00:00",54,0.461,0.002,0.46,147.1,0.745,147.5,2.709,8.7,0,138.5,358.8,0,10.97,13.54,9.86,86.7,96.7,77.52,1020,1024,1016,11.89,14.07,10.22,11.25,13.78,9.94,11.24,13.77,9.72,11.35,13.69,9.37,10.95,13.66,8.82,0
"2020-02-28 00:00:00",55,1.412,0.044,1.395,592.6,224.6,468.3,1.985,6.807,0,101.8,358.4,0,9.86,11.57,8.37,75.75,82.8,65.84,1022,1025,1018,11.95,23.3,8.82,10.71,18.39,8.62,10.85,20.13,8.23,11.17,21.91,7.466,11.31,28.2,6.235,0.102
"2020-02-29 00:00:00",56,1.312,0.014,1.311,547.9,113.2,461.2,1.419,6.437,0,155,358.5,0.049,11.26,14.33,8.77,81.4,96.8,69.55,1013,1018,1011,13.18,25.19,8.07,12.21,21.28,8.1,12.16,20.71,7.719,12.65,24.84,7.268,12.75,30.53,6.041,0
"2020-03-01 00:00:00",57,0.621,0.003,0.623,467.8,2.607,470,1.387,6.396,0,181.1,358.9,0,9.85,10.92,9.05,94.2,98.1,88.2,1012,1014,1011,11.19,18.44,9.69,10.38,14.85,9.08,10.33,16,9.22,10.62,18.42,9.05,10.4,20.81,8.74,0
"2020-03-02 00:00:00",58,1.208,0.004,1.212,340.7,1.862,341.8,1.538,7.876,0,223.5,359,0,10.27,12.38,8.77,88.1,99.3,69.11,1016,1021,1012,11.75,18.64,8.93,10.98,15.96,8.73,10.85,15.44,8.75,11.19,18.31,8.49,11.4,22.18,8.1,0
"2020-03-03 00:00:00",59,1.64,0.006,1.65,457.5,11.92,455.2,1.779,8.82,0,147.7,358.7,0.025,9.08,11.19,7.003,73.49,92.6,56.03,1021,1023,1019,11.43,23.13,7.57,10.19,17.93,6.917,10.26,19.04,6.927,10.68,22.19,6.592,10.89,26.88,6.119,0
"2020-03-04 00:00:00",60,0.734,0.003,0.736,201.1,1.117,202.4,0.943,3.355,0,171.5,358.5,0,8.77,9.93,7.548,85,92.3,76.81,1019,1021,1018,10.32,15.31,8.28,9.27,12.67,7.663,9.1,12.86,7.381,9.33,14.63,7.098,9.07,16.82,6.458,0
"2020-03-05 00:00:00",61,1.099,0.004,1.102,282.5,1.117,284.1,1.429,8.33,0,176.4,358.6,0.025,9.59,11.16,8.4,77.62,95.3,51.57,1022,1025,1020,11,17.25,8.67,9.97,13.92,8.19,10.04,15.38,7.979,10.35,17.89,7.775,9.98,18.32,7.022,0
"2020-03-06 00:00:00",62,5.656,5.124,2.002,856,650.1,298.9,1.841,9.44,0,118.9,358,0,8.7,13.1,4.837,52.26,77.82,33.34,1022,1026,1018,15.36,38.55,4.264,13.4,31.8,2.814,12.07,28.99,3.256,12.88,34.38,1.119,13.26,41.33,-1.723,10.4
"2020-03-07 00:00:00",63,3.081,1.518,2.137,1017,551.5,598.9,0.867,4.834,0,175.6,357.6,0.049,9.69,15.42,4.428,72.09,92.8,45.61,1013,1018,1010,14.14,38.93,4.607,13.05,32.21,3.466,11.78,31.01,2.661,11.91,35.05,1.553,12.63,41.36,-0.713,4.072
"2020-03-08 00:00:00",64,3.191,1.01,2.35,988,582.5,505.3,1.176,7.588,0,161.1,358,0.025,13.52,18.96,10.27,78.41,93.9,57.19,1011,1013,1009,17.42,46.16,9.74,16.05,37.94,10.2,15.85,36.7,9.86,16.4,41.11,8.7,17.15,51.55,6.684,2.278
"2020-03-09 00:00:00",65,2.109,0.073,2.069,913,450.3,574.9,1.561,7.547,0,118.4,358.4,0,12.75,15.82,10.14,81.6,99.1,60.59,1009,1013,1005,14.96,31.82,9.52,13.81,23.14,9.9,14.07,25.2,9.22,14.63,30.19,8.41,14.64,33.74,7.066,0.203
"2020-03-10 00:00:00",66,1.292,0.006,1.296,579.9,44.69,550.9,1.548,9.85,0,210.4,358.5,0.074,13.3,16.64,11.81,87.8,99.4,72.96,1004,1010,1001,14.53,27.96,11.17,14.05,22.97,11.57,14.23,23.55,11.66,14.47,27.91,11.09,14.67,33.48,10.25,0
"2020-03-11 00:00:00",67,2.053,0.287,1.841,1047,659.2,546.7,1.813,9.11,0,234.3,358.6,0.049,11.51,14.43,8.64,72.91,93.3,53.92,1014,1018,1010,12.86,34.02,7.099,12.31,28.44,7.126,11.95,26.08,6.736,12.12,31,5.284,12.07,38.86,3.46,0.687
"2020-03-12 00:00:00",68,5.562,4.066,2.348,982,670.4,431.7,1.088,5.122,0,162.8,358.2,0,12.16,18.55,5.779,59.47,93.7,18.22,1017,1019,1015,19.05,48.25,5.219,17.24,39.64,4.219,15.91,39.11,3.464,16.73,42.48,2.853,17.48,52.05,1.04,8.87
"2020-03-13 00:00:00",69,1.466,0.01,1.472,422.2,70.01,425.6,1.056,5.286,0,148.9,357.7,0.025,12.98,15.82,10.27,71.5,88.5,57.05,1013,1016,1011,14.25,23.3,9.33,13.69,19.69,9.72,13.59,21.01,8.63,13.84,23.03,8.05,13.86,27.59,5.822,0
"2020-03-14 00:00:00",70,1.153,0.008,1.157,733.5,129.6,627.7,1.772,9.52,0,192.9,358.4,0,12.92,15.28,10,84.1,94.6,69.99,1016,1020,1013,13.99,25.36,10.23,13.46,21.49,10.06,13.39,21.23,10.11,13.8,25.68,9.37,13.55,29.98,8.15,0.003
"2020-03-15 00:00:00",71,4.945,3.02,2.576,1045,622.8,574.2,1.707,8.37,0,204,358.7,0,11.67,17.46,7.548,61.58,94.5,24.08,1018,1021,1014,17.5,46.92,7.869,15.07,33.54,7.569,14.86,37.39,6.927,16.03,41.33,5.728,16.87,49.69,2.87,6.371
"2020-03-16 00:00:00",72,6.339,6.506,1.335,918,770.3,180.3,1.08,6.766,0,200.6,357.4,0,14.93,22.5,7.073,40.68,77.66,11.27,1016,1018,1013,21.82,52.45,5.733,19.76,40.68,5.078,18.24,42.04,3.962,18.51,44.87,2.969,19.87,54.08,0.679,10.4
"2020-03-17 00:00:00",73,5.181,3.205,2.528,1149,680.1,601.7,1.815,7.3,0,120.5,357,0.049,14.08,19.5,9.32,51.49,68.56,29.39,1018,1022,1016,19.29,44.71,7.626,17.81,35.47,7.55,16.89,35.11,6.496,17.84,42.42,5.094,17.97,47.3,2.313,6.806
"2020-03-18 00:00:00",74,5.318,3.493,2.573,1247,681.7,648.3,1.005,4.999,0,192.2,357.3,0.049,18.08,25.22,12.01,47.57,72.04,22.31,1014,1017,1011,24.38,51.63,11.82,23.11,45.84,11.92,21.65,42.73,11.53,22.82,46.71,11.27,24.19,55.84,10.28,7.679
"2020-03-19 00:00:00",75,5.977,5.539,1.622,901,705.6,214.8,1.083,6.15,0,189.4,357,0.098,19.71,26.38,13.03,50.52,80.7,23.81,1009,1013,1006,26.07,55.22,11.19,24.3,44.74,11.96,23.16,44.4,10.6,23.53,48.21,9.73,25.06,56.93,7.63,10.62
"2020-03-20 00:00:00",76,5.744,4.467,2.18,847,616.9,324,2.26,14.16,0,164.4,357,0.074,18.03,25.77,13.03,48.13,78.1,16.72,1010,1015,1007,22.12,50.02,11.05,21.81,43.53,11.81,19.99,40.96,10.66,21,45.64,9.55,21.34,54.51,6.808,10.14
"2020-03-21 00:00:00",77,5.98,5.018,1.932,866,620.9,227.5,1.176,6.355,0,156.7,356.7,0.074,18.36,27,9.93,41.62,68.09,26.94,1010,1015,1006,24.69,51.83,9.21,22.71,42.09,8.29,21.79,43.34,6.965,22,45.24,6.197,23.4,54.64,3.917,10.42
"2020-03-22 00:00:00",78,4.714,3.094,2.145,821,493.2,382.1,1.226,8.04,0,178.1,357.7,0.049,20.4,28.9,14.7,69.29,99.4,39.07,1006,1009,1002,25.14,52.89,12.08,23.82,42.43,12.82,22.93,43.6,11.33,23.19,46.14,10.5,24.39,54.45,8.08,8.05
"2020-03-23 00:00:00",79,2.027,0.056,2.008,811,338.2,557.1,1.89,9.6,0,165.7,358.3,0.049,18.49,22.57,15.45,83.2,99.4,56.34,1010,1015,1005,20.72,39.87,14.53,19.81,31.91,15.03,19.97,33.15,14.6,20.56,37.5,13.97,21.06,45.22,13.2,0.122
"2020-03-24 00:00:00",80,3.275,0.524,2.982,1029,571,605.3,1.695,8.04,0,103.3,357.7,0.025,15.17,17.8,12.35,46.5,76.33,23.33,1015,1017,1014,18.01,35.09,11.16,17,29.27,11.21,16.57,29.19,10.11,17.1,34.05,9.02,17.02,38.15,6.923,1.564
"2020-03-25 00:00:00",81,1.972,0.02,1.98,426.4,77.46,426,1.222,5.122,0,130.8,357.2,0.049,15.35,18.21,12.08,60.96,80.2,41.38,1013,1016,1011,17.64,26.89,11.78,16.54,22.42,11.7,16.48,23.62,11.12,16.95,27.21,10.11,17.2,30.28,8.53,0
"2020-03-26 00:00:00",82,3.908,1.136,3.049,932,523.4,534.2,0.874,6.561,0,192.7,357.4,0.049,19.12,25.09,13.37,66.26,95.6,43.77,1008,1012,1004,23.84,50.04,12.41,22.08,38.51,12.77,21.84,41.14,11.84,22.69,45.09,10.88,23.8,52.19,8.53,3.066
"2020-03-27 00:00:00",83,2.228,0.065,2.192,703.4,228,533.9,1.102,9.77,0,190.6,358.2,0.049,20.41,25.22,17.49,89.2,99.4,64.13,1006,1009,1003,22.51,38.85,16.36,21.7,32.35,17.11,21.69,33.6,16.83,22.53,38.39,16.32,22.72,42.63,14.95,0.143
"2020-03-28 00:00:00",84,0.775,0.003,0.777,205.9,1.117,207,3.102,13.96,0,180.4,358.6,0,12.23,19.5,6.868,85,99.4,65.16,1015,1020,1008,13.33,18.48,7.862,12.49,18.73,6.529,12.71,18.84,6.893,12.67,18.45,6.529,12.23,18,6.201,0
"2020-03-29 00:00:00",85,1.37,0.161,1.294,787.6,679,449.6,2.045,8.78,0,215.2,358.4,0,6.114,8.06,4.287,84.3,94.8,70.57,1020,1022,1018,8.67,20.59,5.989,6.664,13.51,4.516,6.711,14.4,4.372,6.669,19.16,3.433,6.537,25.86,1.969,0.361
"2020-03-30 00:00:00",86,0.626,0.002,0.627,154.2,0.372,154.2,1.042,4.547,0,195.4,358.5,0,6.589,7.922,5.643,90.8,98.8,75.82,1016,1020,1014,8.95,12.23,6.298,6.895,9.54,4.636,6.865,9.6,4.209,6.941,10.55,3.065,6.731,11.88,1.794,0
"2020-03-31 00:00:00",87,1.33,0.005,1.336,324.3,1.862,326.4,1.046,4.464,0,221,358.6,0,8.81,11.12,6.867,92.9,99.2,81,1015,1016,1014,11.79,19.34,8.6,10,15.28,7.022,9.96,15.74,7.041,10.49,19.09,6.899,10.94,21.43,6.688,0
"2020-04-01 00:00:00",88,0.368,0.003,0.369,109.3,0.372,109.8,1.159,6.561,0,180.1,358.8,0,10.21,11.43,9.01,98.6,99.4,96.6,1012,1015,1009,11.55,14.47,9.82,10.49,12.87,9.1,10.46,12.42,9.15,10.65,14.05,9.04,10.46,14.36,8.82,0
"2020-04-02 00:00:00",89,5.322,3.068,3.083,1179,786.6,548.9,1.61,8.78,0,161.4,358.8,0.025,12.85,17.46,9.18,76.34,99.3,40.7,1017,1019,1014,18.2,39.27,9.87,15.6,31.49,9.19,15.72,30.56,9.22,17.45,40.12,8.4,17.84,46.12,6.27,5.648
"2020-04-03 00:00:00",90,3.234,0.586,2.835,936,420.5,585.8,1.907,6.273,0,112.3,358.1,0.049,12.88,16.23,9.76,65.43,89.8,38.45,1018,1020,1016,16.37,35.47,9.16,14.66,27.87,8.81,14.7,28.21,8.46,15.33,32.9,7.353,15.72,39.36,5.452,1.65
"2020-04-04 00:00:00",91,1.822,0.029,1.813,662.4,129.2,551,1.093,4.999,0,169,358,0.025,13.17,15.76,11.36,70.86,82,54.19,1018,1019,1016,15.43,30.68,10.62,14.35,23.24,11.04,14.19,23.69,10.46,14.72,28.7,9.25,15.23,36.85,7.677,0.013
"2020-04-05 00:00:00",92,4.701,1.686,3.431,992,496.9,600.4,1.616,9.27,0,190.2,358,0.049,14.29,19.43,9.59,66.41,93.6,36.48,1019,1021,1018,18.61,43.66,8.96,16.13,31.46,8.35,16.52,34.3,7.719,17.33,40.57,7.183,17.55,47.63,5.333,4.864
"2020-04-06 00:00:00",93,5.879,4.058,3.109,1164,789.9,637.6,2.062,7.711,0,147.8,357.8,0,12.91,17.05,9.35,55.06,82.9,27.62,1021,1024,1019,18.35,42.07,9.25,16.14,28.91,8.61,15.52,32.07,8.16,17.08,39.12,6.554,17.54,45.35,5.369,8.94
"2020-04-07 00:00:00",94,2.66,0.066,2.636,947,481.2,577.1,1.173,5.656,0,140.3,357.3,0,12.1,15.69,9.18,61.84,82.3,38.22,1017,1020,1014,15.17,33.37,7.897,13.59,24.46,7.588,13.44,26.49,6.313,13.69,32.22,5.114,14.35,39.36,2.732,0.131
"2020-04-08 00:00:00",95,7.01,6.769,1.865,983,825,221.5,1.227,7.465,0,169.6,357.5,0.049,13.94,21.96,6.26,50.03,90.3,12.23,1015,1017,1013,21.22,49.76,6.414,17.82,36.1,4.535,17.58,39.4,3.962,18.68,45.85,3.16,19.68,55.21,1.197,10.83
"2020-04-09 00:00:00",96,7.201,7.269,1.719,996,845,226.1,1.428,8.08,0,146.1,356.6,0.049,16.28,24.41,7.96,39.49,78.21,9.43,1014,1016,1012,23.44,52.22,6.826,20.01,39.73,5.967,20.1,44.03,4.978,20.95,48.55,3.306,21.89,57.69,1.263,11.2
"2020-04-10 00:00:00",97,6.553,5.647,2.212,919,693.6,260.2,1.64,7.506,0,156.5,356.8,0.025,17.56,25.09,10.89,49.37,74.49,19.58,1014,1016,1012,24.03,51.52,9.66,21,36.63,9.59,21.14,42.5,8.57,22.23,48.48,7.23,22.66,54.52,4.651,11.03
"2020-04-11 00:00:00",98,5.708,3.171,3.029,923,577.8,438.8,2.22,8.82,0,145.7,357.7,0.025,17.44,24.41,11.94,66.02,86.3,31.3,1015,1018,1012,23.42,49.61,10.92,20.62,36.36,10.83,20.83,41.38,9.86,21.92,46.12,8.64,22.55,53.5,6.77,7.923
"2020-04-12 00:00:00",99,0.252,0,0.249,61.11,0.372,61.26,2.295,10.55,0,216.1,358.6,0,12.32,16.34,8.98,91.9,98.8,77.79,1015,1018,1013,12.7,16.33,9.2,12.4,16.22,8.34,12.25,16.16,8.05,12.1,15.99,7.428,11.69,15.75,5.846,0
"2020-04-13 00:00:00",100,6.905,5.632,2.456,1001,765.4,472.8,2.242,15.19,0,224.8,358.6,0.049,13.9,20.25,8.09,49.74,79.02,18.36,1014,1017,1010,19.44,42.58,7.897,16.56,31.23,6.899,16.02,32.67,5.651,16.92,36.47,5.393,18.14,45.25,3.658,10.96
"2020-04-14 00:00:00",101,6.991,5.952,2.355,981,709.3,280.6,1.879,9.4,0,204.5,356.8,0.025,15.82,21.68,10.85,32.38,61.48,13.18,1015,1017,1013,21.5,48.38,9.03,19.13,34.31,9.62,18.41,37.17,8.71,19.54,43.51,7.784,20.82,54.89,4.719,11.39
"2020-04-15 00:00:00",102,3.797,1.458,2.9,994,547.1,627.5,0.988,5.122,0,173.2,356.4,0.049,15.81,21.55,8.77,44.97,73.43,25.85,1012,1016,1009,19.84,46.24,8.72,18.07,32.95,7.597,17.69,36.66,6.927,17.99,41.75,5.452,18.91,52.33,3.418,3.902
"2020-04-16 00:00:00",103,6.916,5.773,2.29,960,690.7,290.5,1.207,6.396,0,186.8,356.4,0.074,20.52,26.72,14.29,37.1,60.56,19.31,1008,1010,1006,27.52,54.89,13.15,24.24,39.24,14.21,24.32,44.09,13.32,25.14,47.81,12.59,27.17,59.6,9.81,10.76
"2020-04-17 00:00:00",104,5.536,3.526,3.002,1044,628.1,504,1.115,7.095,0,169.3,356.4,0.098,22.46,29.65,14.29,45.53,71.59,23.67,1006,1009,1003,26.72,51.42,12.26,25.05,39.72,12.42,24.39,43.11,11.12,24.9,46.18,10.04,26.05,56.04,7.677,8.25
"2020-04-18 00:00:00",105,3.304,0.965,2.562,945,420.6,628.2,1.538,8.33,0,168.5,356.9,0.074,21.29,26.31,17.97,57.53,68.36,39.95,1008,1012,1004,23.92,46.67,15.48,22.91,35.16,16.97,22.58,39.25,15.66,23.8,44.14,14.99,24.04,49.7,12.85,3.631
"2020-04-19 00:00:00",106,1.703,0.006,1.709,407.4,26.07,390.1,2.009,7.588,0,132.3,357.8,0.025,17.18,19.91,13.64,69.19,89.4,51.29,1012,1015,1007,18.51,27.41,13.98,17.74,22.9,13.48,17.82,24.87,13.38,18.13,26.69,12.77,17.52,29.11,11.94,0
"2020-04-20 00:00:00",107,1.047,0.03,1.045,244.1,227.9,246.1,1.192,9.48,0,210,358,0.049,15.23,17.87,13.3,81.2,99.3,62.5,1007,1012,1004,16.07,22.68,11.91,15.39,20.31,12.22,15.28,20.68,11.05,15.42,22.29,10.4,15.1,24.43,8.66,0.123
"2020-04-21 00:00:00",108,6.17,4.386,2.435,993,742.1,489.5,1.455,8.04,0,188.4,357.9,0.049,17.01,23.73,11.36,68.75,96.8,33.62,1011,1014,1009,23.81,53.85,10.54,20.27,38.32,9.77,20.68,43.52,9.22,22.25,48.59,8.21,23.29,59.71,6.583,7.8
"2020-04-22 00:00:00",109,1.108,0.003,1.111,375,1.49,377.4,1.639,9.73,0,156.3,358.4,0.074,13.31,14.87,11.12,86.3,97.5,50.89,1015,1019,1012,14.85,22.65,11.96,13.35,16.97,11.03,13.84,19.31,11.12,13.44,16.72,11.33,13.87,26,10,0
"2020-04-23 00:00:00",110,5.833,2.199,3.738,1097,688.8,590.5,1.063,5.328,0,164.8,358.2,0.074,16.15,21.55,11.23,59.91,91.5,25.37,1017,1019,1014,23.56,48.12,12.09,17.46,24.93,11.3,20.69,39.61,10.91,17.36,26.52,11.29,23.84,55.22,9.75,5.465
"2020-04-24 00:00:00",111,4.304,0.66,3.795,1140,543.4,709.9,1.56,7.465,0,175.1,357.7,0.074,16.78,20.18,14.16,51.01,77.32,26.94,1018,1020,1016,21.17,42.01,13.68,17.85,25.07,13.96,19.21,35.66,13.31,18.1,26.17,13.8,21.17,48.98,10.39,1.938
"2020-04-25 00:00:00",112,7.048,5.7,2.61,974,698.4,376.8,0.925,6.15,0,199,356.8,0.074,18.8,25.09,12.76,41.16,76.77,13.18,1015,1019,1012,26.04,52.18,11.69,20.25,33.53,12.78,23.83,51.94,10.28,20.57,30.74,12.17,25.38,57.84,7.593,11.79
"2020-04-26 00:00:00",113,7.253,6.094,2.303,1016,783.8,312.4,1.477,8.82,0,198.3,356.4,0.123,21.17,27.75,13.51,38.32,65.19,19.72,1011,1013,1008,27.29,53.52,11.95,23.72,36.36,12.12,26.09,52.78,9.4,22.26,32.25,12.04,26.23,56.66,6.827,11.55
"2020-04-27 00:00:00",114,6.521,4.598,2.58,1026,685.5,416.6,1.6,8.12,0,163.3,357.2,0.074,22.14,30.67,16.74,47.68,83.3,15.36,1011,1014,1008,28.95,58.11,16.17,25.09,39.7,16.88,28.65,57.24,15.34,23.21,36.54,14.6,29.92,63.02,13.74,9.19
"2020-04-28 00:00:00",115,2.262,0.015,2.267,791.1,265.2,586.2,2.462,11.37,0,144.8,357.8,0.049,17.06,19.23,14.16,69.64,86.9,25.72,1017,1021,1013,19.04,31.09,12.87,18.18,25.82,13.64,18.51,30.17,10.86,19.15,34.88,11.33,18.46,35.94,8.49,0.02
"2020-04-29 00:00:00",116,7.687,7.25,1.796,1018,784.2,198.3,1.665,7.588,0,167.6,357.2,0,17.43,25.09,10.37,54.2,89.5,20.54,1016,1021,1013,25.29,52.06,10.1,20.25,32.08,9.76,24.09,51.98,7.569,22.09,43.83,7.923,24.12,56.4,5.885,12.24
"2020-04-30 00:00:00",117,7.275,6.248,2.046,1004,765.6,401.2,1.12,4.834,0,166.5,356.9,0.098,22.24,30.54,13.2,50.84,80.3,25.99,1011,1013,1008,29.79,59.41,12.61,23.62,34.55,12.9,28.67,58.22,10.28,28.92,62.6,9.67,29.27,66.36,8.09,11.6
"2020-05-01 00:00:00",118,6.129,3.71,3.085,1071,641.6,504.7,1.023,7.136,0,178.9,356.9,0.074,26.72,34.35,18.17,47.68,76.23,24.76,1008,1010,1005,31.9,58.35,15.85,27.48,36.75,17.74,31.26,59.15,14.93,29.89,57.98,15.63,31.69,65.92,12.51,9.29
"2020-05-02 00:00:00",119,0.992,0.003,0.993,185.3,1.118,187.4,0.954,5.985,0,188.1,357.8,0.074,22.51,25.77,20.87,79.96,97.8,51.6,1006,1009,1004,22.91,28.82,20.04,22.49,25.4,20.71,22.56,28.33,19.75,22.5,27.72,20.14,22.25,29.96,18.76,0
"2020-05-03 00:00:00",120,6.745,4.74,2.614,1065,655,478,1.672,9.4,0,194.5,358,0.074,25.44,31.49,20.05,71.63,99.4,46.49,1001,1004,997,31.46,56.41,18.36,26.34,34.24,19.67,31.11,54.61,18.28,27.87,41.97,18.88,31.51,59.1,16.78,10.29
"2020-05-04 00:00:00",121,6.766,4.823,2.448,980,623.7,306.8,1.433,8.25,0,195.5,357.4,0.074,29.62,36.19,23.45,54.49,74.49,35.52,1000,1002,998,35.67,60.99,20.68,30.45,38.84,22.71,35.07,59.51,20.38,32.01,45.34,22.01,36.2,64.46,19.51,10.61
"2020-05-05 00:00:00",122,6.93,4.995,2.451,954,645,325.1,1.903,8.37,0,150,357.6,0.074,28.59,37.08,20.66,58.49,82.9,25.85,1003,1005,1001,35.67,62.12,20.83,30.31,41.65,21.31,34.69,60.08,20.47,30.29,42.01,21.21,35.81,68.85,18.43,10.54
"2020-05-06 00:00:00",123,0.631,0.001,0.632,208.9,0.372,209.5,2.021,9.03,0,164.2,358.7,0.049,20.53,21.55,18.82,91.3,99,82.1,1002,1005,999,21.22,24.91,19.21,20.76,22.51,19.12,20.85,24.33,18.79,20.8,22.31,19.08,20.64,25.43,18.49,0
"2020-05-07 00:00:00",124,2.123,0.007,2.137,444,2.98,447.6,2.082,6.15,0,131.7,358.8,0.074,19.98,22.23,17.87,83.6,99.4,72.04,1007,1008,1005,22.46,31.66,18.4,20.95,24.57,18.24,22.25,31.22,17.98,20.85,24.37,18.15,22.7,35.28,17.34,0
"2020-05-08 00:00:00",125,3.63,0.234,3.437,1154,386.3,821,1.86,7.752,0,109.1,358.4,0.074,22.33,26.31,19.37,78.61,88.2,64.41,1005,1007,1002,26.38,49.78,19.46,23.32,30.57,19.48,26.31,49.86,18.73,23.3,31.28,19.48,26.99,57.44,18.07,0.673
"2020-05-09 00:00:00",126,4.462,1.926,2.912,947,590.2,577,1.251,7.177,0,202.2,358.4,0.074,26.49,32.1,20.52,76,97.4,54.73,1000,1003,996,31.53,57.32,20.12,27.44,35.19,20.68,31.06,56.47,19.72,27.22,36.49,20.5,31.88,65.1,18.74,4.598
"2020-05-10 00:00:00",127,1.467,0.005,1.475,440.1,2.608,443,1.771,6.519,0,170.3,358.4,0.074,22.19,24.13,20.73,79.1,88.5,70.47,1003,1007,1000,24.34,34.85,21.08,23.14,26.59,21.15,23.94,33.92,20.75,22.73,25.68,21.04,24.4,39.48,20.42,0
"2020-05-11 00:00:00",128,2.926,0.549,2.702,825,453.4,503.6,1.138,5.862,0,190.8,358.3,0.049,20.43,24.68,17.56,79.29,96.2,57.46,1008,1010,1005,23.53,38.45,17.81,21.25,27.64,17.62,22.88,37.05,16.84,20.93,26.97,17.53,23.84,43.33,15.32,1.788
"2020-05-12 00:00:00",129,6.038,3.075,3.545,1137,639.3,573.7,1.118,7.794,0,211.8,358.2,0.074,23.36,29.72,17.46,65.96,96.7,38.11,1007,1010,1004,29.49,54.07,16.66,24.83,34.45,17.37,28.76,53.65,15.67,24.19,33.04,17.17,29.87,62.5,13.7,6.888
"2020-05-13 00:00:00",130,8.12,8.39,1.247,1061,922,134.9,1.513,7.794,0,196.4,357,0.074,25.05,31.49,20.46,31.9,58.28,10.87,1008,1010,1006,32.7,60.6,17.8,26.53,37.18,20.25,31.74,57.59,16.81,25.89,34.49,20.08,32.56,64.21,13.59,11.3
"2020-05-14 00:00:00",131,7.367,6.137,2.276,992,765.3,274.7,1.528,9.23,0,153.4,356.6,0.074,24.44,31.36,17.97,47.38,69.58,20.67,1010,1013,1007,31.04,54.43,17.11,25.79,35.95,18.06,30.12,54.03,15.21,25.32,34.09,17.62,30.93,61.16,12.9,10.82
"2020-05-15 00:00:00",132,4.208,1.604,2.633,1071,636.7,591,1.206,8.2,0,176.7,356.6,0.123,26.07,31.83,21.55,41.25,73.81,27.15,1004,1008,999,29.92,55.48,19.94,26.72,35.3,21.88,29.7,55.63,19.48,26.41,34.64,21.52,30.71,63.81,16.79,3.611
"2020-05-16 00:00:00",133,3.303,0.349,3.024,1224,591.3,753.6,1.29,6.807,0,203.4,358,0.074,24.11,28.9,21.41,81.8,95.5,60.25,1001,1003,999,27.89,54.65,20.67,24.87,33.37,21,27.34,53.05,20.28,24.36,32.5,20.96,28.05,61.77,19.51,1.005
"2020-05-17 00:00:00",134,3.715,0.847,2.992,1316,694.8,651.2,1.203,7.259,0,184.8,358.3,0.074,25.84,30.13,22.5,79.22,98.5,57.6,1002,1004,1000,29.81,58.63,21.9,26.99,35.34,22.49,29.39,57.25,21.73,26.55,33.89,22.47,30.51,67.71,20.86,2.123
"2020-05-18 00:00:00",135,5.331,2.037,3.396,1228,695.3,624,1.312,6.684,0,182.5,358,0.074,27.38,32.45,23.39,72.6,92.9,49.08,998,1001,996,32.76,59.74,22.56,28.52,36.33,23.55,32.53,58.39,22.39,28.28,36.08,23.32,33.87,69.22,21.15,4.51
"2020-05-19 00:00:00",136,5.929,2.485,3.886,1011,541,565.3,2.067,12.56,0,229.8,357.8,0.123,26.37,30.27,21.96,52.46,85,24.9,998,1003,994,30.21,49.47,18.05,27.59,34.9,21.07,29.76,48.66,16.76,30.86,54.78,15.98,30.85,56.42,12.95,6.829
"2020-05-20 00:00:00",137,7.784,7.083,2.014,1053,822,397.3,1.526,7.054,0,193.4,356.5,0.074,24.13,31.22,17.15,35.56,69.69,15.7,1003,1005,1001,30.29,54.47,15.96,25.64,36.91,17.19,28.92,53.76,13.94,31.1,61.98,13.29,29.63,62.8,11.18,11.83
"2020-05-21 00:00:00",138,6.508,3.933,2.792,1033,713.1,529.4,1.734,10.22,0,154.8,356.3,0.049,24.65,32.72,17.66,44.67,69.18,21.63,1004,1006,1003,31.32,56.58,17.22,26.01,37.33,17.64,30.53,57.49,15.11,31.96,62.9,14.01,30.93,62.31,12.03,7.579
"2020-05-22 00:00:00",139,1.488,0.005,1.489,551.3,63.69,493.7,1.268,5.697,0,164.3,357.6,0.098,21.62,24.27,20.05,76.08,89.7,48.81,1005,1006,1003,22.58,31.93,20.04,21.82,24.03,19.36,22.04,30.41,19.39,22.18,33.05,19.27,21.72,34.11,18.57,0
"2020-05-23 00:00:00",140,3.975,0.316,3.73,1220,614,744.8,1.398,5.697,0,132.7,358,0.074,22.1,26.59,18,74.56,95.2,58.14,1004,1005,1002,26.66,46.96,18.85,23.04,30.81,18.22,26.46,46.34,18.18,27.16,50.92,18.1,27.4,55.96,17.58,0.703
"2020-05-24 00:00:00",141,6.326,3.003,4.119,1198,627.8,663.5,1.24,5.163,0,170.2,357.9,0.074,24.31,29.58,19.2,70.1,91.9,46.42,1003,1005,1001,30.78,57.93,18.76,25.87,35.32,19.17,29.9,56.95,17.55,31.72,64.71,16.9,31.44,66.34,15.5,7.54
"2020-05-25 00:00:00",142,6.411,4.555,2.594,962,670.7,456.9,1.574,9.6,0,179.3,357.9,0.074,26.34,34.35,20.29,67.36,92.5,30.62,1005,1008,1003,32.85,59.49,19.19,27.75,38.5,20.07,32.14,58.08,18.66,34,65.31,18.01,32.66,66.18,16.56,9.07
"2020-05-26 00:00:00",143,3.853,0.697,3.296,1039,428.5,729.8,1.696,8.25,0,196.8,358.2,0.074,23.87,28.9,18.14,73.52,97.1,47.51,1007,1008,1004,27.82,49.99,18.84,24.85,33.4,18.21,27.4,48.42,18.33,28.8,56.77,18.09,28.14,57.2,17.61,2.059
"2020-05-27 00:00:00",144,1.137,0.004,1.141,511.2,3.352,512.3,1.311,9.68,0,205.4,358.2,0.074,18.85,21.14,16.1,90.8,98.3,81.2,1006,1008,1003,20.29,29.83,16.61,19.16,22.79,16,19.83,30.13,16.4,20.05,33.4,16.16,19.71,34.87,15.82,0
"2020-05-28 00:00:00",145,4.985,0.501,4.604,1310,630.8,747,0.976,3.93,0,196.9,358.3,0.074,23.9,29.18,18.65,68.18,96,40.84,1006,1008,1005,29.79,53.81,18.42,25.03,33.57,18.57,28.98,52.8,17.3,29.85,57.38,17.16,30.14,61.24,15.84,1.289
"2020-05-29 00:00:00",146,3.193,0.075,3.153,1324,607.2,710,0.938,4.3,0,197.9,357.6,0.074,25.51,29.31,22.09,64.3,79.8,50.24,1006,1008,1005,28.65,48.14,20.44,26.1,32.1,21.76,28.23,46.45,20.19,28.78,50.87,19.64,28.67,55.93,18.27,0.135
"2020-05-30 00:00:00",147,1.547,0.004,1.555,344.5,15.27,347.3,1.425,11.25,0,166.9,358.2,0.074,21.98,26.31,17.8,80.4,95.7,49.69,1007,1009,1006,23.09,34.53,17.82,22.02,28.05,17.42,22.53,33.94,17.55,22.8,35.87,17.51,22.46,37.42,17.21,0
"2020-05-31 00:00:00",148,0.995,0.002,0.999,271.9,0.745,273.2,1.175,8.62,0,185.6,358.6,0.049,19.51,21.14,17.83,94.4,99.1,87.7,1006,1008,1004,20.51,25.89,17.61,19.37,21.39,17.25,19.96,25.3,17.4,20.37,26.61,17.34,19.95,26.99,17.07,0
"2020-06-01 00:00:00",149,6.934,4.279,3.132,984,693.8,424.7,1.021,5.204,0,175.6,358.6,0.098,25.36,31.76,19.47,70.84,97.9,43.29,1006,1008,1004,33.14,59.41,18.84,26.74,37.33,19.34,32.45,58.5,18.19,34.46,63.92,17.95,34.49,67.28,17.24,8.29
"2020-06-02 00:00:00",150,5.996,2.962,3.45,1247,674.1,611.2,1.383,7.547,0,168.8,357.8,0.123,27.58,32.85,23.59,64.49,87.6,38.11,1005,1007,1003,33.17,60.39,22.49,28.67,36.73,23.5,33.19,59.97,22.47,34.37,63.62,22.13,34.7,67.68,20.71,5.454
"2020-06-03 00:00:00",151,4.903,1.507,3.702,1106,624.5,648.1,1.43,6.026,0,189,357.4,0.123,27.46,31.49,23.32,68.21,82.4,56.64,1001,1005,999,32.37,57.54,21.7,28.37,35.24,23.12,31.9,56.16,21.49,32.68,61.43,21.35,32.73,65.35,20.28,4.316
"2020-06-04 00:00:00",152,1.342,0.032,1.328,490.3,399.7,362.4,1.115,5.985,0,199.8,358.5,0.123,24.45,26.38,23.04,90.5,96.6,73.94,999,1000,998,25.18,35.39,22.62,24.23,28.34,22.8,24.91,34.39,22.65,25.07,35.84,22.67,24.59,37.78,21.65,0.072
"2020-06-05 00:00:00",153,2.006,0.042,1.975,999,473.5,574.4,1.046,5.533,0,207.5,358.7,0.074,24.9,27.13,23.52,87.5,95.6,69.93,1000,1002,998,26.31,40.11,22.31,25.03,29.65,23.04,26.05,39.49,22.25,26.08,39.64,22.19,26.16,44.35,21.18,0.07
"2020-06-06 00:00:00",154,3.49,0.835,2.754,1138,661.6,638.6,1.358,10.01,0,199.9,358.7,0.074,24.92,31.9,21.82,86.9,97.8,59.23,1000,1001,998,28.88,55.97,22.06,25.64,35.19,21.53,28.42,56.08,21.68,27.86,52.01,21.78,28.95,64.2,21.14,1.93
"2020-06-07 00:00:00",155,2.194,0.097,2.142,726.1,446,539.9,1.596,7.999,0,148,359,0.074,22.92,26.45,20.87,87.8,99.4,66.72,1003,1005,999,24.79,38.89,20.53,23.2,29.12,20.89,24.45,37.32,20.01,24.6,39.39,20.13,24.58,45.29,18.49,0.188
"2020-06-08 00:00:00",156,6.214,2.468,4.104,1094,640.8,591.4,2.016,7.506,0,96.7,358.7,0.074,24.63,28.97,21.38,73.67,92.1,55.28,1005,1006,1003,30.3,50.51,20.25,25.88,33.75,21.12,30.06,52.56,19.57,29.33,48.89,19.75,30.75,59.04,17.37,7.123
"2020-06-09 00:00:00",157,2.782,0.034,2.776,753,335.3,621.3,2.276,7.67,0,85.1,358.6,0.074,24.9,28.63,22.5,80.2,87.5,65.43,1004,1006,1003,27.73,38.64,21.68,25.6,30.68,22.33,27.68,38.71,21.01,27.07,35.86,21.33,28.11,41.93,20.39,0.038
"2020-06-10 00:00:00",158,4.606,1.098,3.683,1110,567.8,647.8,1.723,6.273,0,117.2,358.6,0.123,27.34,32.45,23.86,73.95,88.5,53.64,1003,1005,1000,32.54,53.38,23.86,28.78,36.63,23.96,32.16,51.32,23.82,31.56,48.19,23.87,33.91,62.07,23.48,2.996
"2020-06-11 00:00:00",159,2.437,0.062,2.398,1123,384.5,741.7,1.118,7.013,0,186,358.7,0.074,26.32,30.74,24.41,90.8,99.3,69.58,1000,1002,998,29.05,48.84,23.97,26.68,34.13,24.06,28.85,47.57,24.01,28.23,42.85,24.11,29.51,55.39,23.53,0.107
"2020-06-12 00:00:00",160,2.701,0.317,2.504,989,681.1,580.1,1.01,6.273,0,196.7,358.8,0.074,26.83,29.72,24.88,91.4,99.4,76.87,1000,1001,998,29.46,41.23,24.23,27.1,32.15,24.71,29.59,40.92,24.25,28.86,40.47,24.59,29.83,48.88,23.18,0.723
"2020-06-13 00:00:00",161,6.357,4.12,3.148,1367,813,602,1.251,8.33,0,206.2,358.8,0.074,30.56,36.94,25.63,73.02,97.8,47.24,998,1000,995,36.45,63.12,24.44,31.35,39.25,25.14,35.86,60.48,24.97,33.4,50.09,24.7,36.8,70.88,23.47,7.908
"2020-06-14 00:00:00",162,5.883,3.194,3.261,1328,830,565.8,1.162,8.37,0,203.3,358.2,0.074,31.66,37.08,26.38,65.71,90.7,44.24,999,1001,998,36.7,62.65,25.24,32.55,40.36,26.52,36.26,61.04,25.13,32.56,43.98,25.72,38.03,70.9,23.64,6.411
"2020-06-15 00:00:00",163,4.067,1.599,2.893,1150,721.8,515.4,1.278,11.62,0,194.3,358.1,0.074,29.31,36.4,26.18,75.5,87.6,51.6,1003,1006,1000,33.12,61.14,25.18,30.42,40.5,26.29,32.5,59.27,25.16,30.1,40.19,26.17,33.43,70.48,23.67,4.189
"2020-06-16 00:00:00",164,2.787,0.726,2.341,840,697.5,438.5,1.379,9.52,0,199.1,358.3,0.074,28.35,33.13,25.63,80.8,92.1,61.48,1003,1004,1002,31.16,50.64,24.82,29.2,35.34,25.69,30.88,52.13,24.77,28.81,34.48,25.52,30.82,55.77,23.62,1.245
"2020-06-17 00:00:00",165,3.831,0.251,3.632,1129,277.6,853,1.95,12.6,0,156,358.7,0.074,27.74,32.04,25.36,87.7,97.5,70.54,1001,1003,998,31.74,52.35,25.17,28.86,37.16,25.08,31.59,51.59,25.06,28.72,36.14,25.55,32.34,58.24,24.38,0.648
"2020-06-18 00:00:00",166,7.111,4.909,2.963,1120,818,477.7,1.639,9.64,0,197.4,358.8,0.074,31.69,37.9,25.22,65.72,98.3,40.16,997,1000,995,38.12,59.85,25.14,32.64,41.46,25.41,37.49,57.92,25.27,32.27,39.66,25.36,38.74,66.06,24.68,9.7
"2020-06-19 00:00:00",167,4.725,2.522,3.017,1415,789.3,645.7,2.176,11.86,0,189.4,358.2,0.074,29.23,35.17,22.02,65.51,92,46.7,997,1002,995,33.32,55.39,22.09,30.08,39.3,21.56,32.52,55.05,21.53,32.5,57.65,21.55,32.88,62.7,20.91,5.554
"2020-06-20 00:00:00",168,1.393,0.004,1.401,350.2,4.098,351.8,1.31,8.12,0,167.3,358.4,0.074,22.38,24.68,20.8,86.5,93.8,70.81,1004,1006,1001,24.21,32.88,21.01,22.28,26.71,20.61,23.36,31.61,20.51,23.61,33.53,20.54,23.21,36.06,20.08,0
"2020-06-21 00:00:00",169,1.039,0.001,1.043,272.2,0.745,273.6,1.475,6.725,0,116.6,358.8,0.074,20.69,22.09,19.37,92.8,96.4,87.8,1004,1005,1002,21.92,25.47,20.56,20.38,21.95,19.11,21.14,24.59,19.98,21.26,25.32,19.89,20.65,24.9,19.42,0
"2020-06-22 00:00:00",170,0.674,0.002,0.676,219.6,1.49,221.5,0.859,3.519,0,186.1,359.1,0.074,21.52,22.36,20.29,96.2,99.1,89.7,1000,1002,998,22.48,26.27,20.91,21.35,22.54,19.98,21.95,25.77,20.12,21.96,26.58,20.01,21.63,25.96,19.51,0
"2020-06-23 00:00:00",171,1.209,0.005,1.215,365.4,3.725,365.2,1.137,5.451,0,186,359.2,0.074,23.11,24.82,21.14,94.9,99.4,88.2,1000,1001,999,24.58,32.71,21.37,23.17,25.69,21.09,24.31,31.93,21.18,24.54,32.91,21.15,24.62,35.33,20.85,0
"2020-06-24 00:00:00",172,3.101,0.133,3.037,579.9,222.1,511,1.072,4.218,0,191.5,359.1,0.074,27.4,32.72,23.59,86.8,97.6,70.81,998,1000,996,30.93,44.24,23.02,28.22,34.42,23.22,30.5,43.33,22.94,30.85,43.61,22.92,31.86,49.2,22.11,0.221
"2020-06-25 00:00:00",173,1.015,0.005,1.02,464.7,44.7,432.5,0.923,4.177,0,202.2,359,0.074,25.28,27.95,23.86,92.2,97.5,84.6,999,1000,997,26.03,31.01,24.2,25.44,27.39,23.87,25.95,31.17,24.15,25.96,30,24.21,25.8,32.58,23.66,0
"2020-06-26 00:00:00",174,1.42,0.103,1.405,352.8,301.8,296.5,0.879,4.875,0,181.2,359.2,0.123,24.04,25.77,22.5,93.9,99.4,83.8,1000,1002,998,25.17,31.73,22.71,24.01,27.27,22.28,24.84,31.25,22.48,24.85,31.02,22.48,24.85,36.01,21.1,0.371
"2020-06-27 00:00:00",175,6.027,3.883,2.988,1202,765.7,499.5,1.241,8.37,0,157.8,359.2,0.123,27.93,34.15,23.11,80.4,98.1,55.42,1000,1001,999,34.25,60.49,22.36,29.44,39.58,22.47,33.67,59.16,22,33.3,57.31,22.04,35.27,69.41,20.66,7.631
"2020-06-28 00:00:00",176,2.035,0.186,1.956,696.6,573,468.7,0.873,4.464,0,205.3,358.8,0.074,27.11,29.45,25.63,89.5,97.4,81.9,999,1001,998,28.31,38.85,25.04,27.22,31.16,24.89,28.08,37.12,25.18,28.19,36.11,25.07,28.3,42.65,23.96,0.468
"2020-06-29 00:00:00",177,4.731,0.947,3.862,1177,755.8,653.1,1.27,7.876,0,157.9,359,0.074,29.38,35.51,25.77,81.1,97.2,50.78,999,1001,996,33.35,58.47,24.96,30.76,41.81,25.17,34.3,58.08,25.11,33.61,53.69,25.22,35.98,68.11,24.38,2.459
"2020-06-30 00:00:00",178,1.576,0.005,1.585,359.3,32.79,330,1.631,9.44,0,196.3,358.8,0.074,28.09,31.15,23.59,80.9,97,60.59,995,997,994,28.84,36.15,23.52,28.21,33.08,23.18,28.95,37.11,23.4,28.47,34.65,23.47,28.86,39.77,23.05,0
"2020-07-01 00:00:00",179,4.405,1.167,3.676,1125,596.1,689.3,1.283,4.917,0,130.6,359,0.074,26.75,31.36,22.77,77.22,97.8,58.69,998,1000,996,31.46,55.21,22.57,27.93,37.3,22.12,30.98,54.38,21.8,30.33,48.52,21.88,32.78,65.99,20.75,3.038
"2020-07-02 00:00:00",180,3.764,1.096,2.912,917,470.6,689.6,2.305,8.49,0,124.9,358.6,0.074,26.77,30.4,25.02,80.4,92.2,61.68,1000,1003,999,30.2,49.41,24.07,27.52,34.28,24.85,30.35,49.55,24.11,29.61,46.21,24.22,30.41,54.3,22.42,3.087
"2020-07-03 00:00:00",181,2.174,0.013,2.184,626.5,82,556.8,1.434,7.752,0,159.7,358.8,0.074,26.07,30.06,23.04,84.8,98.7,66.45,1001,1002,1000,28.25,42.16,22.87,26.61,34.09,22.7,27.94,40.95,22.81,27.58,38.08,22.85,28.3,46.84,22.39,0
"2020-07-04 00:00:00",182,2.554,0.191,2.442,1000,605.1,575.2,1.28,7.382,0,203.8,359.1,0.123,26.24,28.9,23.45,88.7,99.4,76.12,1001,1004,999,28.46,42.64,23.23,26.75,34.49,23.15,28.17,41.39,23.18,27.65,37.28,23.36,28.41,46.15,22.64,0.471
"2020-07-05 00:00:00",183,1.03,0.005,1.036,476.4,32.04,478.9,1.353,4.752,0,122.6,358.9,0.074,24.86,26.31,23.86,87.1,96.8,77.35,1003,1004,1001,25.81,33.9,23.6,24.88,28.27,23.35,25.62,33.58,23.53,25.57,33.79,23.63,25.61,36.6,23.08,0
"2020-07-06 00:00:00",184,1.203,0.005,1.207,309.2,43.59,311,0.743,3.396,0,195.8,359.1,0.123,25.71,27.54,23.73,94.1,99.4,87.4,998,1001,996,26.71,33.62,23.52,25.76,28.85,23.26,26.38,33.68,23.31,26.42,32.63,23.36,26.38,36.71,22.71,0
"2020-07-07 00:00:00",185,0.731,0.002,0.733,165.9,0.373,167.3,0.813,3.889,0,181.4,359.3,0.074,26.14,27.34,24.95,97.3,99.4,90,997,999,995,26.04,28.07,24.82,25.73,26.88,25.01,26.06,28.69,24.91,26.12,28.3,25.07,25.83,29.76,24.41,0
"2020-07-08 00:00:00",186,3.494,0.434,3.247,1106,515.2,697.4,1.731,8.29,0,208,359.4,0.123,26.94,30.27,24.54,83.3,98.3,70.81,1000,1002,997,30.2,48.19,23.39,27.66,34.79,23.71,29.86,47.03,23.28,28.48,38.86,23.72,30.39,52.01,22.17,1.084
"2020-07-09 00:00:00",187,3.142,0.05,3.125,1074,415.8,686.5,1.208,7.218,0,195.7,359,0.123,26.48,29.45,24.07,85.4,95.5,73.94,998,1001,996,29.56,44.42,23.66,27.25,34.22,23.43,29.24,44.3,23.55,28.53,42.93,23.8,29.9,49.81,23.11,0.06
"2020-07-10 00:00:00",188,3.439,0.315,3.176,1337,820,612.2,1.307,7.629,0,208.5,359,0.074,27.03,31.08,25.22,87.3,98.3,67.4,994,996,992,31.06,58.69,24.09,28.28,36.14,24.83,30.67,56.55,24.08,31.75,63.19,24,31.95,70.81,23.26,0.647
"2020-07-11 00:00:00",189,1.033,0.002,1.035,280.7,1.118,281.4,1.366,6.93,0,180.4,359.3,0.074,25.23,26.31,24.54,96.7,99.4,92.1,998,1000,995,25.77,30.04,24.37,25.05,26.89,24.34,25.6,29.53,24.23,25.95,32.52,24.15,25.39,30.45,23.53,0
"2020-07-12 00:00:00",190,3.325,0.172,3.227,681.5,148.3,538.9,1.116,5.944,0,164.7,359.4,0.074,27.86,32.17,24.61,88.3,99.4,72.17,1000,1001,999,31.62,47.79,24.51,28.88,35.62,24.4,31.19,47.09,24.35,32.31,51.71,24.22,32.36,53.49,23.82,0.078
"2020-07-13 00:00:00",191,6.633,4.084,3.145,1167,810,408.6,1.437,10.18,0,207.2,359,0.074,31.91,38.03,26.18,68.15,97,41.11,999,1001,997,37.64,61.72,24.86,33.21,43.01,25.67,37.15,60.05,24.99,37.98,62.98,24.88,38.53,66.15,23.88,8.3
"2020-07-14 00:00:00",192,4.699,1.48,3.727,1237,647.6,717.5,2.059,8.53,0,167.4,358.6,0.074,28.7,34.08,24.82,75.5,90.9,55.21,1000,1003,998,32.68,52.12,25.28,30.25,44.11,24.78,32.58,54.11,24.88,34.17,61.38,24.72,32.65,58.56,24.5,3.355
"2020-07-15 00:00:00",193,1.983,0.006,2,622,29.06,604.1,1.65,7.136,0,170.7,358.6,0.123,25.57,28.15,24.41,79.11,85.5,66.93,1003,1004,1002,28,41.25,24.55,26.37,32.6,24.43,27.66,39.7,24.43,28.5,43.58,24.27,28.24,46.54,23.6,0
"2020-07-16 00:00:00",194,0.611,0.002,0.613,219.9,1.49,220.8,1.4,10.26,0,198.5,359,0.123,22.67,24.88,21.14,93,98.1,84.7,1001,1002,1000,23.57,26.55,21.5,22.65,25.36,20.77,22.97,25.83,21.01,23.14,26.4,20.95,22.62,26.33,20.54,0
"2020-07-17 00:00:00",195,0.672,0.002,0.675,202.4,0.745,204.2,1.315,5.369,0,166.1,359.2,0.098,22,23.04,21,97,99.4,91,1001,1003,1000,22.95,26.46,21.56,21.83,23.02,21.02,22.27,25.36,21.04,22.49,26.98,21.06,22,25.84,20.75,0
"2020-07-18 00:00:00",196,2.284,0.077,2.252,456.4,108.8,399.1,0.999,3.93,0,159,359.3,0.074,25.09,28.63,22.43,88.2,95.6,75.58,1001,1002,999,27.84,40.23,22.57,25.67,31.71,22.24,27.45,39.53,22.11,28.04,42,22.02,28.36,44.6,21.62,0
"2020-07-19 00:00:00",197,2.747,0.052,2.727,726.8,186.3,538.2,0.854,5.697,0,198.6,359.1,0.123,28.63,32.85,24.41,82.8,99.4,63.04,998,999,997,31.18,47.3,23.51,29.12,35.55,23.98,30.9,46.3,23.5,31.42,48.18,23.42,31.63,51.79,22.57,0.043
"2020-07-20 00:00:00",198,4.95,1.384,3.791,1056,612.6,538.6,1.643,11.57,0,188.2,358.6,0.074,31.11,36.4,26.31,67.3,87.3,44.99,997,1002,995,35.48,54.63,25.84,32.14,41.03,26.22,35.22,53.14,25.55,35.62,54.75,25.05,36.23,59.76,24.79,4.595
"2020-07-21 00:00:00",199,1.055,0.003,1.062,467.3,2.98,469.8,1.716,6.067,0,164.7,358.8,0.074,25.06,26.72,23.86,87.3,97.7,78.44,1004,1006,1001,26.19,34.24,23.77,25.32,28.91,23.36,25.91,33.57,23.42,26.29,35.68,23.29,25.97,37.96,22.77,0
"2020-07-22 00:00:00",200,5.912,3.096,2.937,1056,680.4,556.2,1.237,9.89,0,202.4,358.9,0.074,27.32,34.76,23.86,86.9,97.9,56.57,1005,1007,1003,33.57,60.65,23.12,28.8,40.16,23.34,33.04,59.17,22.68,34.68,65.14,22.44,34.56,67.55,21.18,5.648
"2020-07-23 00:00:00",201,6.563,4.93,2.191,990,782.9,331.9,1.169,10.67,0,206.8,358.8,0.123,30.14,37.62,25.77,75.22,96.2,46.15,1002,1006,1000,36.86,64.19,25.25,31.72,44.39,24.54,36.1,61.12,25.31,36.88,64.94,25.13,37.14,71.3,24.46,8.76
"2020-07-24 00:00:00",202,6.684,4.576,3.158,1338,812,588.3,1.943,10.79,0,191,358.3,0.074,31.7,37.96,26.72,66.46,86.6,41.52,1000,1003,999,37.67,64.63,25.57,33.88,46.35,26.26,36.66,62.24,25.66,37.14,64.43,25.13,38.04,71.26,24.04,8.63
"2020-07-25 00:00:00",203,1.376,0.015,1.373,413.3,48.06,383.5,1.466,6.725,0,177.9,358.6,0.074,25.25,28.36,23.39,78.95,96.8,61.55,1004,1005,1002,26.34,32.99,22.82,25.37,28.44,22.94,26.04,33.52,22.28,26.4,37.1,21.84,25.88,36.09,20.7,0
"2020-07-26 00:00:00",204,1.979,0.009,1.987,389.7,174.7,392.7,0.971,4.875,0,205.5,358.5,0.074,23.54,25.5,21.48,84.3,91.1,73.94,1003,1004,1001,26.01,35.18,22.1,24.04,28.77,21.1,25.19,34.16,21.37,25.51,34.79,21.28,25.41,37.43,20.34,0.005
"2020-07-27 00:00:00",205,2.855,0.74,2.481,930,638.6,518.2,1.017,6.232,0,199.9,358.6,0.074,24.64,27.95,22.09,88.7,96.6,71.29,1001,1002,999,27.65,48.63,21.84,25.45,39.32,21.24,26.81,49,20.63,27.42,52.27,20.24,26.82,51.82,19.54,1.929
"2020-07-28 00:00:00",206,4.527,0.937,3.843,871,522.4,518.5,1.278,10.14,0,204.5,358.8,0.074,28.02,32.85,24.41,79.14,94.8,61.14,1000,1002,998,32.87,53.89,23.41,29.78,40.27,23.86,32.33,51.82,23.22,33.45,54.43,23.32,33.67,59.5,22.69,2.676
"2020-07-29 00:00:00",207,4.987,1.805,3.491,1200,553.4,696.1,1.48,11,0,194.4,358.5,0.074,27.76,33.26,25.09,82.2,93.4,64.68,1003,1004,1001,32.36,58.49,24.15,29.37,41.56,24.43,32.12,59.99,23.87,33.44,64.32,23.64,32.38,63.55,22.74,4.927
"2020-07-30 00:00:00",208,5.092,2.292,2.981,1083,604.4,530.8,1.048,6.643,0,201.2,358.6,0.074,28.37,35.85,25.09,80.5,95.1,51.6,1004,1006,1002,34.21,63.42,24.14,30.34,44.39,24.46,33.54,62.23,23.65,34.27,64.13,23.48,34.8,72.19,22.31,5.516
"2020-07-31 00:00:00",209,5.994,3.415,2.942,1189,835,446.7,1.274,10.71,0,171,358.3,0.074,30.42,36.67,25.91,69.18,89.5,43.36,1005,1007,1004,36.29,59.36,25.07,32.34,44.4,25.59,35.88,60.11,24.85,36.62,63.88,24.53,37.47,69.43,23.5,6.713
"2020-08-01 00:00:00",210,4.441,1.274,3.557,1213,763.9,637.2,1.651,6.273,0,146,358,0.074,30.89,34.42,27.34,69.91,86.2,56.78,1005,1007,1003,34.97,58.47,26.58,32.1,43.29,27.34,34.74,57.32,26.32,35.58,59.76,26.22,36.23,67.2,25.16,2.516
"2020-08-02 00:00:00",211,7.622,8.31,1.103,980,844,179.7,1.605,7.054,0,165.9,357.9,0.074,33.02,38.31,28.56,58.72,78.51,40.43,1003,1005,1001,40.01,63.79,26.77,35.12,45.85,27.82,39.38,62.07,26.71,40.24,65.04,26.48,40.31,69.31,25.33,11.86
"2020-08-03 00:00:00",212,7.539,8.22,1.191,983,851,150.8,1.775,7.465,0,171.6,357.2,0.074,33.3,38.17,29.04,53.22,65.91,38.79,1002,1004,1000,40.26,62.94,26.46,35.35,45.59,28.18,39.46,61.64,26.41,40.14,63.5,26.57,40.12,67.39,24.89,12.44
"2020-08-04 00:00:00",213,7.548,8.25,1.033,966,851,226.5,1.863,8.33,0,143.6,357.1,0.074,32.54,37.08,28.63,56.02,72.1,43.15,1001,1003,998,39.4,60.43,25.74,34.78,45.46,27.32,38.8,60.96,25.55,39.85,63.8,24.96,40.17,68.78,22.58,11.31
"2020-08-05 00:00:00",214,3.329,0.566,2.857,1486,803,721.4,3.057,13.22,0,150.1,358.3,0.074,29.02,32.38,25.91,77.13,93.6,61.55,997,1000,994,30.85,47.28,25.78,29.42,37.14,25.27,31.25,49.44,25.69,31.85,51.91,25.74,30.54,50.8,25.15,1.338
"2020-08-06 00:00:00",215,6.068,3.23,3.545,965,682.7,528.1,1.738,8.66,0,201.4,358.3,0.074,32.19,36.4,28.22,64.25,84.3,49.35,1001,1004,998,37.91,60.09,27.11,33.33,42.46,27.63,36.98,56.5,27.42,37.17,56.89,27.39,38.1,62.19,26.33,8.09
"2020-08-07 00:00:00",216,3.784,0.472,3.373,1232,629.8,653.1,1.414,7.917,0,193,357.5,0.074,32.06,34.9,30.13,62.27,73.13,51.19,1003,1005,1001,35.63,55.73,28.58,32.71,38.13,29.81,34.91,53.15,28.54,35.11,53.59,28.39,35.82,59.59,27.32,1.413
"2020-08-08 00:00:00",217,3.085,0.226,2.89,915,447.6,585.1,1.426,9.73,0,196.7,357.5,0.074,31.69,34.76,28.9,65.59,79.94,52.55,1001,1002,999,34.5,52.96,28.25,32.22,38.84,28.84,33.87,50.31,28.2,33.98,50.92,27.85,34.49,55.07,27.27,0.626
"2020-08-09 00:00:00",218,3.112,0.206,2.975,789.7,386.1,583,1.484,8.04,0,186.9,357.6,0.074,30.67,34.35,27.54,66.39,78.1,55.01,998,1000,996,33.67,50.08,25.66,31.21,37.73,26.91,33.13,48.63,25.33,33.41,50.1,25.42,33.66,52.55,24.68,0.518
"2020-08-10 00:00:00",219,3.763,0.333,3.58,1196,684.6,573.5,1.422,7.67,0,190.8,357.6,0.123,32.09,35.31,29.79,63.48,75.72,52.55,996,997,994,35.8,50.07,28.69,32.81,38.5,29.43,35.22,48.37,28.65,35.66,50.13,28.54,36.01,53.73,27.85,0.643
"2020-08-11 00:00:00",220,4.571,1.302,3.347,1309,734.2,682.4,1.264,11.74,0,212.3,357.6,0.074,30.99,38.17,27,67.91,85.3,41.11,997,1000,995,36.01,63,26.92,32.07,42.05,27.21,35.15,58.77,26.77,35.74,60.81,27.66,35.9,66,25.97,2.861
"2020-08-12 00:00:00",221,6.186,3.818,2.831,1181,770.7,565.8,1.499,7.506,0,181.9,358,0.074,32.35,38.1,26.86,61.96,87.2,38.52,1001,1004,999,38.95,66.52,26.68,34.05,44.67,26.93,38.08,63.82,26.26,32.99,41.57,27.41,39.4,70.07,24.88,6.88
"2020-08-13 00:00:00",222,6.858,6.575,1.884,1196,828,461.9,1.817,11.41,0,196.7,356.8,0.074,33.24,37.08,29.72,48.28,67,39.48,1004,1006,1002,39.49,62.6,27.54,34.8,43.24,29.26,38.18,59.25,27.47,33.51,41.57,29.04,38.97,66.65,26.21,10.44
"2020-08-14 00:00:00",223,7.205,8.01,1.264,1093,837,331.5,1.538,9.6,0,191.9,357.1,0.074,33.72,38.17,29.11,53.13,75.58,37.43,1004,1006,1001,40.24,64.78,27.58,35.29,44.4,28.59,38.81,61.04,27.18,33.74,43.3,28.7,39.53,69.3,25.29,12.05
"2020-08-15 00:00:00",224,6.728,5.861,2.06,993,823,328.7,1.303,7.711,0,210,357,0.074,33.73,39.07,28.49,53.89,74.08,36.07,1003,1004,1001,40.42,64.27,26.76,35.36,44.9,28.05,38.95,59.89,26.44,34.35,45.83,28.3,40.17,66.93,24.67,11.43
"2020-08-16 00:00:00",225,7.156,7.593,1.33,946,804,204.7,1.374,7.67,0,174.6,357.1,0.074,34.36,40.1,28.84,51.21,74.9,27.22,1002,1003,999,41.69,67.66,27.02,36.42,46.41,28.17,40.74,65.4,26.62,35.31,47.48,28.51,41.57,72.56,24.21,12.27
"2020-08-17 00:00:00",226,6.989,6.7,1.785,956,731.5,268.8,1.382,7.218,0,177.7,356.6,0.074,34.07,39.62,29.99,51.1,67.68,35.12,1003,1004,1001,41.27,68.07,28.49,36.03,45.85,29.63,40.44,64.51,28.22,35.21,48.15,29.48,41.23,73,26.41,11.66
"2020-08-18 00:00:00",227,7.062,6.908,1.735,962,773.7,286.4,1.457,7.794,0,178.6,357,0.074,33.28,38.87,27.54,54.01,77.9,33.48,1005,1006,1003,40.9,67.59,26.53,35.43,45.97,27.23,39.48,64.88,25.5,34.31,46.51,27.43,40.46,72.51,23.59,12.12
"2020-08-19 00:00:00",228,6.295,5.544,2.27,1056,741.3,419.6,1.789,7.218,0,146.7,356.6,0.123,33.21,37.63,29.31,53.83,66.11,40.43,1005,1006,1002,40.03,65.19,27.5,35.22,44.49,28.85,38.63,61.26,26.99,34.37,47.67,29.02,39.68,70.42,25.48,10.6
"2020-08-20 00:00:00",229,6.943,6.902,1.627,929,731.9,209.6,1.5,6.437,0,160.4,357,0.123,33.76,39.28,28.63,50.72,76.53,33.08,1004,1005,1001,40.94,66.11,27.31,35.78,45.02,28.36,39.62,62.97,27.15,34.92,46.88,28.74,40.59,71.02,25.08,11.54
"2020-08-21 00:00:00",230,6.596,5.496,2.348,979,741.7,367.5,1.562,7.917,0,170.2,357.3,0.074,33.32,39.28,28.09,54.76,77.35,31.31,1004,1006,1002,40.76,67.38,27.03,35.81,47.35,27.83,39.36,64.88,26.71,34.82,46.78,28.33,40.54,70.9,24.49,10.42
"2020-08-22 00:00:00",231,5.756,2.639,3.715,1093,565,552.8,2.152,8.99,0,188,357.9,0.074,31.48,36.27,28.09,66.86,85.7,38.32,1006,1007,1004,37.55,61.61,27.18,33.75,44.57,27.93,36.69,58.58,26.95,35.03,53.84,28.31,37.56,66.98,25.18,7.562
"2020-08-23 00:00:00",232,5.292,2.533,3.244,1000,581.4,503.5,1.829,8.49,0,161,357.8,0.074,31.41,36.87,27.4,67,86.3,40.57,1004,1006,1002,37.28,60.57,26.63,33.25,43.62,27.07,36.6,59.19,25.98,34.24,51.16,26.25,36.42,64.51,24.28,6.645
"2020-08-24 00:00:00",233,5.632,3.991,2.648,930,644,392.9,1.54,8.45,0,166.4,357.9,0.074,31.67,36.94,27.4,64.01,88.5,38.93,1001,1003,998,38,62.7,26.56,33.8,44.78,27.1,36.86,60.39,25.72,34.5,50.65,26.15,37.19,66.7,24.28,9.6
"2020-08-25 00:00:00",234,5.232,3.338,2.559,944,622.4,358.7,1.378,7.835,0,169,357.6,0.074,32.48,38.99,27.68,59.32,82.7,37.3,998,1000,995,38.79,65.27,26.98,34.67,45.7,27.28,37.59,60.84,25.94,34.98,51.02,26.43,38.07,69.71,24.17,7.801
"2020-08-26 00:00:00",235,5.266,2.884,2.849,947,534.5,519,1.561,13.34,0,219.7,357.4,0.074,31.38,37.9,27.27,63.91,84.8,43.3,996,997,993,37.82,64.96,26.75,33.77,45.68,27.13,36.85,61.73,26.11,34.14,50.75,26.52,37.28,68.21,24.34,7.233
"2020-08-27 00:00:00",236,5.747,4.021,2.453,988,656,390,1.62,8.62,0,218.2,357.6,0.123,30.09,35.58,27.47,66.89,81,44.24,994,996,991,36.77,62.94,26.99,32.66,44.21,27.39,35.74,59.85,26.35,32.81,48.34,27,36.38,65.86,25.1,8.39
"2020-08-28 00:00:00",237,3.847,0.931,3.19,1061,472.5,614.7,1.428,7.835,0,181.6,357.8,0.123,29.06,33.4,25.09,71.01,94.4,48.47,996,999,994,34.1,59.55,25.26,30.68,42.09,24.45,33.09,57.6,24.71,30.78,43.73,25.29,33.29,64.16,23.52,2.964
"2020-08-29 00:00:00",238,1.304,0.004,1.308,389.1,36.14,391.3,1.346,8.04,0,218,358.5,0.074,24.52,26.45,21.82,90,94.8,84.8,999,1001,997,25.87,35.18,22.13,24.32,27.84,21.2,24.92,34.06,21.36,25.05,29.02,22.07,24.6,36.43,20.86,0
"2020-08-30 00:00:00",239,3.067,0.342,2.868,718.8,576.1,600.5,1.068,4.464,0,213.5,358.7,0.123,26.23,31.08,22.77,82.4,97.4,59.84,1002,1004,1000,30.13,48.99,23.22,27.04,38.18,22.54,29.21,45.59,22.54,27.69,42.99,22.95,30.06,53.83,22.04,0.735
"2020-08-31 00:00:00",240,5.271,2.752,3.197,1025,646.2,497.8,1.408,6.848,0,155,358.2,0.123,29.87,35.03,25.36,74.12,91.5,48.74,1003,1005,1001,36.68,64.3,25.21,31.87,42.99,25.43,35.76,62.47,24.46,31.68,44.21,25.58,36.84,67.34,22.92,6.731
"2020-09-01 00:00:00",241,4.989,3.144,2.703,1039,683.5,476,2.114,7.67,0,143.5,358.4,0.074,30.38,35.44,27.27,71.02,90.1,45.47,1003,1005,1001,35.93,61.89,26.63,31.95,41.27,27.41,35.3,58.82,26.62,32.09,45.49,27.5,35.73,65.55,25.3,6.823
"2020-09-02 00:00:00",242,5.961,4.637,2.234,1053,798.3,413.9,2.141,11.16,0,206.1,358,0.074,29.44,34.56,26.45,70.63,84.4,45.13,1001,1003,998,34.68,55.6,25.47,31.3,40.53,26.25,34.38,56.19,25.11,31.44,45.63,26.16,34.71,59.02,23.35,7.971
"2020-09-03 00:00:00",243,5.855,3.813,2.95,948,644.7,454.8,1.811,9.31,0,227,358,0.123,28.66,33.81,25.22,68.05,84.7,46.01,1000,1003,998,34.63,58.4,23.9,30.06,38.2,23.33,33.71,55.72,23.45,30.38,43.85,24.62,34.53,61.67,21.08,8.63
"2020-09-04 00:00:00",244,6.837,6.651,1.823,953,799,212.5,1.338,7.013,0,192.7,357.6,0.123,28.65,34.01,23.96,53.5,84,26.53,1005,1008,1002,36.2,63.12,22.4,30.31,39.19,23.45,34.63,59.07,20.77,30.09,46.64,22.94,35.11,66.3,19.18,11.22
"2020-09-05 00:00:00",245,4.623,2.651,3.017,1079,650.3,535.2,1.241,6.478,0,183.8,356.9,0.123,27.97,32.24,23.25,56.25,77.35,37.84,1006,1008,1005,32.83,54.61,22.63,29.17,36.21,22.79,31.61,51.86,20.26,28.75,39,22.16,31.78,57.14,18.1,6.788
"2020-09-06 00:00:00",246,6.351,5.872,2.029,936,773.7,344.9,1.586,7.917,0,155.7,357.2,0.123,28.11,33.94,23.25,52.19,83.6,17.95,1005,1007,1003,34.92,60,23.12,29.61,38.59,23.11,33.6,57.66,21.53,29.51,44.06,22.77,34.02,61.98,19.77,11.09
"2020-09-07 00:00:00",247,6.888,7.725,1.242,958,853,149,1.867,11.12,0,207.4,356.8,0.074,27.23,32.72,21.14,48.35,82.2,19.99,1003,1005,1001,32.95,54.45,21.19,28.6,36.6,20.7,31.91,54.27,18.31,28.35,43.99,20.15,31.67,57.46,16.66,11.6
"2020-09-08 00:00:00",248,6.377,6.059,1.909,931,733.8,284,1.365,6.643,0,218.8,356.3,0.074,29.54,35.72,23.32,41.26,57.73,26.33,1002,1005,1000,36.35,60.81,21.94,31.18,41.43,22.6,34.6,58,20.01,30.48,47.06,21.75,35.49,63.85,18.04,11.32
"2020-09-09 00:00:00",249,6.144,5.584,1.899,913,711.8,311.8,1.373,7.547,0,174.4,356.5,0.123,29.57,35.79,23.66,47.87,72.99,27.01,1006,1007,1004,36.37,64.45,22.2,30.97,40.56,23.36,35.12,60.59,20.54,30.35,44.67,22.49,35.52,66.48,18.04,10.26
"2020-09-10 00:00:00",250,4.65,2.361,2.905,975,673.8,499.9,1.281,6.108,0,188.4,356.6,0.074,29.42,34.08,24.13,53.77,76.26,35.05,1005,1007,1002,34.77,61.56,23.45,30.76,38.39,23.82,33.68,58.85,22.22,30.18,44.1,23.32,33.83,63.01,19.69,5.447
"2020-09-11 00:00:00",251,2.975,0.712,2.589,781.6,376.4,612,1.079,5.081,0,209.2,357,0.123,27.55,33.67,22.09,66.9,90.4,40.7,1002,1004,1000,30.55,50.56,22.11,28.28,36.85,21.25,29.69,49.28,21.36,28.01,38.3,22.12,29.63,55.39,20.81,2.561
"2020-09-12 00:00:00",252,2.027,0.162,1.914,935,555.8,707.5,1.251,5.656,0,207.2,357.9,0.074,23.07,25.22,20.18,84.9,97.8,73.54,1005,1008,1002,25.57,41.09,20.76,23.31,28.33,20.04,24.79,41.68,20.01,23.53,29.29,20.33,24.7,45.94,19.74,0.412
"2020-09-13 00:00:00",253,3.77,0.74,3.205,1040,653.2,638.6,1.379,5.944,0,203.3,358,0.074,25.44,29.65,22.09,69.72,89.1,45.33,1010,1012,1007,29.73,55.6,21.74,26.45,34.34,21.82,28.46,52.15,20.38,26.6,42.22,21.54,29.12,58.03,19.49,1.739
"2020-09-14 00:00:00",254,2.95,1.237,2.183,810,525,478.7,1.022,4.177,0,211.7,357.8,0.074,24.9,28.36,21.55,72.68,87.8,56.44,1011,1013,1010,28.38,49.98,21.27,25.93,32.44,21.11,27.23,47.91,19.2,25.24,31.72,20.71,27.29,53.13,18.28,3.058
"2020-09-15 00:00:00",255,1.088,0.002,1.092,273.9,0.373,275.7,0.779,2.903,0,219.2,358.2,0.074,22.45,24,20.87,88.8,94.5,79.53,1010,1011,1008,23.99,29.11,21.73,22.53,24.66,20.78,22.67,27.6,20.48,22.84,25.77,21.17,22.34,27.73,19.3,0
"2020-09-16 00:00:00",256,1.16,0.002,1.166,266.8,1.118,269,0.67,2.492,0,215.8,358.5,0.074,22.72,24.48,21.27,93.9,99.3,83.8,1006,1009,1004,24.36,32.76,21.63,22.73,25.44,20.9,23.38,31.41,20.78,23.22,25.95,21.33,23.43,33.34,20.27,0
"2020-09-17 00:00:00",257,1.234,0.004,1.243,666.5,16.76,658.9,0.845,3.108,0,176.5,358.6,0.074,24.04,26.31,22.74,92.9,99.4,77.62,1006,1007,1004,25.5,38.22,23.02,24.01,27.71,22.63,24.91,36.81,22.51,24.5,29.61,22.82,25.06,42.34,22.11,0
"2020-09-18 00:00:00",258,0.567,0.002,0.569,284.9,0.372,287,1.607,9.97,0,202.1,359,0.049,21.06,23.45,18.21,96.4,99.4,93.7,1007,1012,1003,21.69,23.86,18.5,20.79,23.03,17.88,21.04,23.04,17.89,21.23,23.48,18.17,20.91,24.35,17.61,0
"2020-09-19 00:00:00",259,0.693,0.001,0.695,179.5,0.372,180.6,0.604,9.68,0,213.8,358.9,0.098,17.21,19.09,16.06,92.2,94.8,85.4,1014,1016,1012,18.93,20.47,17.52,16.85,18.38,16.15,17.25,18.51,16.37,17.51,18.98,16.77,17.07,18.94,16.07,0
"2020-09-20 00:00:00",260,0.94,0.004,0.944,442.4,4.47,445.4,0.545,3.231,0,196.3,359.1,0.098,18.8,20.73,16.88,94.9,98.5,85.9,1013,1015,1012,21.08,30.51,18.26,18.76,21.51,16.69,19.77,30.01,16.69,19.19,23.37,16.92,19.95,33.61,16.44,0
"2020-09-21 00:00:00",261,3.459,1.371,2.336,1082,745.2,695.1,0.813,7.752,0,168.1,359.1,0.123,22.03,26.45,19.47,78.69,98.3,48.19,1013,1014,1011,26.01,50.08,20.13,22.55,30.25,19.36,25.33,50.49,19.15,22.89,35.38,19.66,25.53,55.15,18.64,2.599
